Benchmark,Dataset,Scale-Factor,Paradigm,Iteration,ResultSummarised,Planning-Time,Codegen-Time,Compilation-Time,Execution-Time,Total-Time
tpch_q1,tpch,1,non-vectorised,0,True,15.8,1.0,40.9,215.1,289.6
tpch_q1,tpch,1,non-vectorised,1,True,15.9,1.0,41.0,214.6,289.4
tpch_q1,tpch,1,non-vectorised,2,True,15.7,1.0,40.6,203.2,277.0
tpch_q1,tpch,1,non-vectorised,3,True,15.6,1.0,40.4,203.4,277.1
tpch_q1,tpch,1,non-vectorised,4,True,15.7,1.0,41.1,203.3,278.2
tpch_q1,tpch,1,non-vectorised,5,True,15.5,1.0,42.9,214.7,290.9
tpch_q1,tpch,1,non-vectorised,6,True,15.8,1.0,41.3,203.6,278.8
tpch_q1,tpch,1,non-vectorised,7,True,15.7,1.0,41.0,203.6,278.2
tpch_q1,tpch,1,non-vectorised,8,True,15.6,1.0,40.8,203.8,277.9
tpch_q1,tpch,1,non-vectorised,9,True,15.7,1.0,41.1,226.9,301.9
tpch_q1,tpch,1,vectorised,0,True,15.4,1.0,40.8,351.5,425.5
tpch_q1,tpch,1,vectorised,1,True,15.6,1.1,41.3,347.3,422.1
tpch_q1,tpch,1,vectorised,2,True,15.4,1.0,40.5,336.2,409.9
tpch_q1,tpch,1,vectorised,3,True,15.8,1.0,42.0,338.4,414.3
tpch_q1,tpch,1,vectorised,4,True,15.4,1.0,41.0,372.6,446.9
tpch_q1,tpch,1,vectorised,5,True,15.7,1.0,41.7,337.1,412.7
tpch_q1,tpch,1,vectorised,6,True,15.8,1.0,41.9,341.8,417.6
tpch_q1,tpch,1,vectorised,7,True,15.5,1.0,41.4,336.9,411.8
tpch_q1,tpch,1,vectorised,8,True,15.7,1.0,41.7,341.4,416.8
tpch_q1,tpch,1,vectorised,9,True,15.7,1.0,41.7,383.9,459.3
tpch_q1,tpch,10,non-vectorised,0,True,16.0,1.1,42.3,1586.1,1662.3
tpch_q1,tpch,10,non-vectorised,1,True,15.6,1.0,41.4,1590.4,1665.1
tpch_q1,tpch,10,non-vectorised,2,True,15.8,1.0,42.5,1622.6,1699.0
tpch_q1,tpch,10,non-vectorised,3,True,15.7,1.0,42.2,1591.5,1667.2
tpch_q1,tpch,10,non-vectorised,4,True,15.6,1.1,42.1,1613.2,1688.7
tpch_q1,tpch,10,non-vectorised,5,True,15.8,1.1,42.3,1596.6,1672.9
tpch_q1,tpch,10,non-vectorised,6,True,15.8,1.1,43.2,1606.9,1684.3
tpch_q1,tpch,10,non-vectorised,7,True,16.1,1.1,42.8,1600.2,1677.2
tpch_q1,tpch,10,non-vectorised,8,True,16.1,1.1,43.4,1589.5,1667.3
tpch_q1,tpch,10,non-vectorised,9,True,16.0,1.1,42.9,1591.7,1668.6
tpch_q1,tpch,10,vectorised,0,True,15.8,1.1,43.2,2771.5,2848.6
tpch_q1,tpch,10,vectorised,1,True,15.7,1.1,42.9,2775.9,2852.6
tpch_q1,tpch,10,vectorised,2,True,15.5,1.1,46.6,2767.5,2848.7
tpch_q1,tpch,10,vectorised,3,True,15.5,1.1,42.2,2760.0,2835.2
tpch_q1,tpch,10,vectorised,4,True,15.8,1.1,43.3,2776.6,2854.0
tpch_q1,tpch,10,vectorised,5,True,15.7,1.1,43.0,2765.8,2842.6
tpch_q1,tpch,10,vectorised,6,True,15.6,1.1,42.1,2759.4,2834.6
tpch_q1,tpch,10,vectorised,7,True,15.5,1.1,42.1,2803.0,2878.4
tpch_q1,tpch,10,vectorised,8,True,15.5,1.1,42.2,2773.1,2848.5
tpch_q1,tpch,10,vectorised,9,True,15.7,1.1,42.8,2722.0,2798.4
tpch_q1,tpch,100,non-vectorised,0,True,16.7,1.6,49.8,15365.7,15450.6
tpch_q1,tpch,100,non-vectorised,1,True,16.6,1.6,48.6,15626.8,15710.8
tpch_q1,tpch,100,non-vectorised,2,True,16.3,1.6,48.9,15366.3,15449.8
tpch_q1,tpch,100,non-vectorised,3,True,16.7,1.6,49.1,15391.2,15475.7
tpch_q1,tpch,100,non-vectorised,4,True,16.2,1.6,48.0,15350.1,15432.4
tpch_q1,tpch,100,non-vectorised,5,True,16.6,1.6,49.1,15349.4,15433.4
tpch_q1,tpch,100,non-vectorised,6,True,16.5,1.6,48.9,15576.8,15660.7
tpch_q1,tpch,100,non-vectorised,7,True,16.5,1.6,48.8,15356.3,15440.0
tpch_q1,tpch,100,non-vectorised,8,True,16.3,1.6,48.0,15313.0,15395.5
tpch_q1,tpch,100,non-vectorised,9,True,16.6,1.6,49.0,15370.4,15454.4
tpch_q1,tpch,100,vectorised,0,True,16.5,1.6,49.3,27146.6,27230.9
tpch_q1,tpch,100,vectorised,1,True,16.4,1.6,48.8,26836.3,26919.8
tpch_q1,tpch,100,vectorised,2,True,16.3,1.6,49.6,26645.8,26730.0
tpch_q1,tpch,100,vectorised,3,True,16.4,1.6,48.7,26675.9,26759.1
tpch_q1,tpch,100,vectorised,4,True,16.5,1.8,51.4,26668.5,26754.9
tpch_q1,tpch,100,vectorised,5,True,16.5,1.6,49.0,26931.9,27015.6
tpch_q1,tpch,100,vectorised,6,True,16.3,1.6,48.5,26894.1,26977.2
tpch_q1,tpch,100,vectorised,7,True,16.5,1.6,49.3,26789.7,26873.9
tpch_q1,tpch,100,vectorised,8,True,16.3,1.6,49.2,27149.3,27233.0
tpch_q1,tpch,100,vectorised,9,True,16.7,1.6,49.7,26981.5,27066.7
tpch_q3,tpch,1,non-vectorised,0,True,16.3,1.6,44.7,163.4,242.8
tpch_q3,tpch,1,non-vectorised,1,True,16.4,1.6,43.2,186.8,264.8
tpch_q3,tpch,1,non-vectorised,2,True,16.4,1.6,42.7,209.7,287.0
tpch_q3,tpch,1,non-vectorised,3,True,16.3,1.6,44.3,186.8,265.8
tpch_q3,tpch,1,non-vectorised,4,True,16.4,1.6,43.0,183.5,261.1
tpch_q3,tpch,1,non-vectorised,5,True,16.3,1.6,42.9,178.3,255.6
tpch_q3,tpch,1,non-vectorised,6,True,16.4,1.6,43.3,184.6,262.7
tpch_q3,tpch,1,non-vectorised,7,True,16.4,1.6,43.0,183.8,261.5
tpch_q3,tpch,1,non-vectorised,8,True,16.2,1.6,42.9,198.4,275.7
tpch_q3,tpch,1,non-vectorised,9,True,16.4,1.6,43.4,179.2,257.5
tpch_q3,tpch,1,vectorised,0,True,16.3,1.2,43.9,186.0,264.3
tpch_q3,tpch,1,vectorised,1,True,16.4,1.2,44.0,196.2,274.4
tpch_q3,tpch,1,vectorised,2,True,16.5,1.2,44.7,190.3,269.9
tpch_q3,tpch,1,vectorised,3,True,16.4,1.2,44.0,191.9,270.3
tpch_q3,tpch,1,vectorised,4,True,16.3,1.2,44.0,194.8,273.0
tpch_q3,tpch,1,vectorised,5,True,16.4,1.2,44.1,188.6,267.0
tpch_q3,tpch,1,vectorised,6,True,16.7,1.2,44.8,196.8,276.5
tpch_q3,tpch,1,vectorised,7,True,16.4,1.2,43.6,188.8,266.6
tpch_q3,tpch,1,vectorised,8,True,16.3,1.2,43.9,185.8,263.8
tpch_q3,tpch,1,vectorised,9,True,16.4,1.2,43.9,195.1,273.3
tpch_q3,tpch,10,non-vectorised,0,True,16.4,1.7,44.9,1774.0,1854.1
tpch_q3,tpch,10,non-vectorised,1,True,16.8,1.7,45.4,1765.6,1846.7
tpch_q3,tpch,10,non-vectorised,2,True,16.6,1.7,44.9,1763.3,1843.5
tpch_q3,tpch,10,non-vectorised,3,True,16.8,1.7,45.4,1779.4,1860.5
tpch_q3,tpch,10,non-vectorised,4,True,16.5,1.7,44.5,1751.0,1830.3
tpch_q3,tpch,10,non-vectorised,5,True,16.5,1.7,44.4,1769.0,1848.3
tpch_q3,tpch,10,non-vectorised,6,True,16.7,1.7,45.1,1772.3,1852.7
tpch_q3,tpch,10,non-vectorised,7,True,16.5,1.7,45.2,1789.2,1869.6
tpch_q3,tpch,10,non-vectorised,8,True,16.4,1.7,44.4,1767.8,1847.1
tpch_q3,tpch,10,non-vectorised,9,True,16.4,1.7,45.3,1791.1,1871.2
tpch_q3,tpch,10,vectorised,0,True,16.5,1.3,45.4,1798.4,1878.2
tpch_q3,tpch,10,vectorised,1,True,16.7,1.3,50.7,1837.0,1923.9
tpch_q3,tpch,10,vectorised,2,True,16.7,1.3,46.1,1842.3,1923.5
tpch_q3,tpch,10,vectorised,3,True,16.7,1.3,46.2,1808.6,1889.7
tpch_q3,tpch,10,vectorised,4,True,16.6,1.3,46.5,1775.3,1856.8
tpch_q3,tpch,10,vectorised,5,True,16.6,1.3,46.0,1758.4,1839.1
tpch_q3,tpch,10,vectorised,6,True,16.7,1.3,46.3,1865.8,1947.0
tpch_q3,tpch,10,vectorised,7,True,16.4,1.3,46.8,1809.1,1890.4
tpch_q3,tpch,10,vectorised,8,True,16.6,1.3,45.8,1825.8,1906.2
tpch_q3,tpch,10,vectorised,9,True,16.6,1.3,45.5,1818.8,1899.1
tpch_q3,tpch,100,non-vectorised,0,True,17.6,2.4,52.5,20681.8,20771.3
tpch_q3,tpch,100,non-vectorised,1,True,17.4,2.3,52.0,21153.5,21242.3
tpch_q3,tpch,100,non-vectorised,2,True,17.4,2.3,52.0,19580.7,19669.3
tpch_q3,tpch,100,non-vectorised,3,True,17.5,2.4,52.5,20809.1,20898.3
tpch_q3,tpch,100,non-vectorised,4,True,17.5,2.4,52.7,20789.2,20878.9
tpch_q3,tpch,100,non-vectorised,5,True,17.5,2.4,52.4,19669.5,19758.7
tpch_q3,tpch,100,non-vectorised,6,True,17.3,2.3,51.7,20540.6,20628.8
tpch_q3,tpch,100,non-vectorised,7,True,17.4,2.4,52.5,20250.1,20339.5
tpch_q3,tpch,100,non-vectorised,8,True,17.5,2.4,52.8,20414.8,20504.4
tpch_q3,tpch,100,non-vectorised,9,True,17.2,2.3,57.2,20052.7,20146.3
tpch_q3,tpch,100,vectorised,0,True,17.5,1.9,53.0,20342.5,20432.3
tpch_q3,tpch,100,vectorised,1,True,17.3,1.9,55.9,20792.8,20884.8
tpch_q3,tpch,100,vectorised,2,True,17.2,1.9,52.9,21103.3,21192.2
tpch_q3,tpch,100,vectorised,3,True,17.4,1.9,55.6,19374.8,19466.8
tpch_q3,tpch,100,vectorised,4,True,17.4,2.0,52.6,20325.0,20413.9
tpch_q3,tpch,100,vectorised,5,True,17.3,1.9,53.0,20026.0,20115.0
tpch_q3,tpch,100,vectorised,6,True,17.2,1.9,52.5,19857.3,19945.5
tpch_q3,tpch,100,vectorised,7,True,17.4,1.9,53.3,20050.3,20139.6
tpch_q3,tpch,100,vectorised,8,True,17.3,1.9,52.4,20677.4,20765.8
tpch_q3,tpch,100,vectorised,9,True,17.4,1.9,52.9,21036.2,21125.3
tpch_q6,tpch,1,non-vectorised,0,False,14.8,1.4,39.1,82.3,154.5
tpch_q6,tpch,1,non-vectorised,1,False,14.9,1.4,39.7,75.8,148.5
tpch_q6,tpch,1,non-vectorised,2,False,14.9,1.4,38.6,75.0,146.3
tpch_q6,tpch,1,non-vectorised,3,False,14.7,1.4,38.6,79.5,150.7
tpch_q6,tpch,1,non-vectorised,4,False,14.8,1.4,39.0,86.6,158.5
tpch_q6,tpch,1,non-vectorised,5,False,15.0,1.4,45.1,76.6,156.8
tpch_q6,tpch,1,non-vectorised,6,False,14.9,1.4,39.7,75.3,148.3
tpch_q6,tpch,1,non-vectorised,7,False,14.9,1.4,39.1,86.2,158.1
tpch_q6,tpch,1,non-vectorised,8,False,14.8,1.4,38.7,75.7,147.5
tpch_q6,tpch,1,non-vectorised,9,False,14.9,1.4,40.6,75.9,149.2
tpch_q6,tpch,1,vectorised,0,False,14.8,0.9,39.4,73.7,145.4
tpch_q6,tpch,1,vectorised,1,False,14.9,0.9,39.6,74.2,146.2
tpch_q6,tpch,1,vectorised,2,False,15.1,0.9,40.1,85.1,158.4
tpch_q6,tpch,1,vectorised,3,False,14.8,0.9,39.0,77.5,148.8
tpch_q6,tpch,1,vectorised,4,False,15.0,0.9,44.2,78.1,157.8
tpch_q6,tpch,1,vectorised,5,False,14.9,1.0,41.3,82.0,156.4
tpch_q6,tpch,1,vectorised,6,False,15.0,0.9,39.9,82.3,155.2
tpch_q6,tpch,1,vectorised,7,False,14.6,0.9,39.7,84.5,156.3
tpch_q6,tpch,1,vectorised,8,False,14.8,0.9,39.0,73.1,144.5
tpch_q6,tpch,1,vectorised,9,False,14.8,0.9,39.6,74.7,146.6
tpch_q6,tpch,10,non-vectorised,0,False,15.0,1.4,41.6,358.3,433.5
tpch_q6,tpch,10,non-vectorised,1,False,15.1,1.4,40.8,377.5,451.6
tpch_q6,tpch,10,non-vectorised,2,False,14.9,1.4,40.6,354.5,428.0
tpch_q6,tpch,10,non-vectorised,3,False,14.9,1.4,41.0,357.4,431.5
tpch_q6,tpch,10,non-vectorised,4,False,15.1,1.4,41.3,366.9,441.9
tpch_q6,tpch,10,non-vectorised,5,False,15.0,1.5,41.3,373.5,448.3
tpch_q6,tpch,10,non-vectorised,6,False,14.9,1.4,40.5,353.9,427.7
tpch_q6,tpch,10,non-vectorised,7,False,15.1,1.4,40.9,358.1,432.3
tpch_q6,tpch,10,non-vectorised,8,False,15.1,1.4,41.0,355.0,429.4
tpch_q6,tpch,10,non-vectorised,9,False,15.0,1.4,44.4,355.4,433.8
tpch_q6,tpch,10,vectorised,0,False,15.0,1.0,41.1,347.4,421.4
tpch_q6,tpch,10,vectorised,1,False,15.2,1.0,40.9,349.8,423.6
tpch_q6,tpch,10,vectorised,2,False,15.0,1.0,40.7,361.8,435.3
tpch_q6,tpch,10,vectorised,3,False,15.1,1.0,42.2,358.5,433.8
tpch_q6,tpch,10,vectorised,4,False,15.0,1.0,43.0,371.3,447.7
tpch_q6,tpch,10,vectorised,5,False,15.0,1.0,41.0,349.7,423.5
tpch_q6,tpch,10,vectorised,6,False,14.9,1.0,40.3,351.3,424.0
tpch_q6,tpch,10,vectorised,7,False,14.8,1.0,40.6,349.4,422.4
tpch_q6,tpch,10,vectorised,8,False,14.6,1.0,40.0,374.4,446.6
tpch_q6,tpch,10,vectorised,9,False,15.0,1.0,40.7,370.2,443.2
tpch_q6,tpch,100,non-vectorised,0,False,15.9,2.0,47.1,3031.8,3113.7
tpch_q6,tpch,100,non-vectorised,1,False,15.8,2.0,47.1,3049.5,3131.1
tpch_q6,tpch,100,non-vectorised,2,False,15.7,2.0,47.8,3036.5,3118.4
tpch_q6,tpch,100,non-vectorised,3,False,16.0,2.0,47.3,3028.8,3110.9
tpch_q6,tpch,100,non-vectorised,4,False,15.8,1.9,46.9,3120.3,3201.8
tpch_q6,tpch,100,non-vectorised,5,False,15.7,1.9,46.9,3043.6,3124.6
tpch_q6,tpch,100,non-vectorised,6,False,15.8,2.0,47.5,2995.5,3077.6
tpch_q6,tpch,100,non-vectorised,7,False,15.9,2.0,49.8,3026.1,3110.2
tpch_q6,tpch,100,non-vectorised,8,False,15.6,2.0,47.4,3017.3,3099.1
tpch_q6,tpch,100,non-vectorised,9,False,15.9,2.0,47.5,3031.8,3114.0
tpch_q6,tpch,100,vectorised,0,False,15.7,1.5,50.2,3060.0,3144.1
tpch_q6,tpch,100,vectorised,1,False,15.7,1.5,47.3,2991.3,3072.4
tpch_q6,tpch,100,vectorised,2,False,15.7,1.5,46.7,2982.8,3063.5
tpch_q6,tpch,100,vectorised,3,False,15.6,1.5,51.0,3080.3,3165.5
tpch_q6,tpch,100,vectorised,4,False,16.0,1.5,48.2,3010.8,3093.3
tpch_q6,tpch,100,vectorised,5,False,15.5,1.5,46.7,2989.2,3069.5
tpch_q6,tpch,100,vectorised,6,False,15.8,1.5,47.5,3012.5,3094.0
tpch_q6,tpch,100,vectorised,7,False,15.7,1.5,51.1,3084.4,3169.4
tpch_q6,tpch,100,vectorised,8,False,15.8,1.5,46.9,2960.6,3041.7
tpch_q6,tpch,100,vectorised,9,False,15.7,1.5,47.6,3028.4,3109.9
tpch_q10,tpch,1,non-vectorised,0,True,16.8,1.8,46.0,333.0,414.4
tpch_q10,tpch,1,non-vectorised,1,True,17.1,1.8,46.8,336.8,419.5
tpch_q10,tpch,1,non-vectorised,2,True,16.7,1.8,50.5,442.1,529.1
tpch_q10,tpch,1,non-vectorised,3,True,16.9,1.8,47.3,335.4,419.3
tpch_q10,tpch,1,non-vectorised,4,True,16.8,1.8,45.9,327.0,408.3
tpch_q10,tpch,1,non-vectorised,5,True,16.8,1.8,45.9,319.6,400.8
tpch_q10,tpch,1,non-vectorised,6,True,16.5,1.8,45.6,332.1,412.6
tpch_q10,tpch,1,non-vectorised,7,True,16.7,1.8,49.8,364.3,450.7
tpch_q10,tpch,1,non-vectorised,8,True,16.9,1.8,46.4,332.0,414.0
tpch_q10,tpch,1,non-vectorised,9,True,16.8,1.8,48.0,360.3,444.5
tpch_q10,tpch,1,vectorised,0,True,16.9,1.4,47.8,342.1,425.1
tpch_q10,tpch,1,vectorised,1,True,16.9,1.4,48.3,356.7,440.3
tpch_q10,tpch,1,vectorised,2,True,17.0,1.4,48.0,348.2,431.4
tpch_q10,tpch,1,vectorised,3,True,16.9,1.4,48.5,344.3,428.2
tpch_q10,tpch,1,vectorised,4,True,16.6,1.4,47.4,419.8,501.7
tpch_q10,tpch,1,vectorised,5,True,16.7,1.4,47.8,319.3,401.9
tpch_q10,tpch,1,vectorised,6,True,16.9,1.4,48.0,340.6,423.9
tpch_q10,tpch,1,vectorised,7,True,16.8,1.4,47.9,345.3,428.2
tpch_q10,tpch,1,vectorised,8,True,16.6,1.4,48.2,328.9,412.0
tpch_q10,tpch,1,vectorised,9,True,16.8,1.4,48.4,333.9,417.4
tpch_q10,tpch,10,non-vectorised,0,True,17.1,1.9,48.1,2849.0,2933.3
tpch_q10,tpch,10,non-vectorised,1,True,16.7,1.8,47.0,2787.2,2869.3
tpch_q10,tpch,10,non-vectorised,2,True,16.7,1.8,46.9,2764.4,2846.6
tpch_q10,tpch,10,non-vectorised,3,True,16.8,1.9,48.0,2782.1,2865.8
tpch_q10,tpch,10,non-vectorised,4,True,16.7,1.8,46.9,2778.5,2860.5
tpch_q10,tpch,10,non-vectorised,5,True,16.7,1.8,47.1,2784.7,2866.8
tpch_q10,tpch,10,non-vectorised,6,True,16.9,1.8,47.6,2802.8,2886.0
tpch_q10,tpch,10,non-vectorised,7,True,16.8,1.8,47.2,2836.5,2919.0
tpch_q10,tpch,10,non-vectorised,8,True,16.9,1.8,47.8,2833.1,2916.4
tpch_q10,tpch,10,non-vectorised,9,True,16.9,1.9,47.9,2779.9,2863.6
tpch_q10,tpch,10,vectorised,0,True,16.9,1.5,49.0,2419.7,2503.9
tpch_q10,tpch,10,vectorised,1,True,17.0,1.5,48.7,2478.9,2562.9
tpch_q10,tpch,10,vectorised,2,True,16.9,1.5,49.6,2540.7,2625.4
tpch_q10,tpch,10,vectorised,3,True,16.7,1.5,48.9,2445.2,2529.2
tpch_q10,tpch,10,vectorised,4,True,16.6,1.5,49.0,2445.8,2529.5
tpch_q10,tpch,10,vectorised,5,True,17.0,1.5,49.3,2471.9,2556.9
tpch_q10,tpch,10,vectorised,6,True,16.9,1.5,48.7,2533.7,2617.5
tpch_q10,tpch,10,vectorised,7,True,16.8,1.5,48.8,2440.4,2524.0
tpch_q10,tpch,10,vectorised,8,True,16.9,1.5,49.5,2425.1,2509.5
tpch_q10,tpch,10,vectorised,9,True,16.7,1.5,52.6,2539.1,2627.5
tpch_q10,tpch,100,non-vectorised,0,True,17.7,2.5,64.6,27292.4,27397.6
tpch_q10,tpch,100,non-vectorised,1,True,17.8,2.5,55.0,26786.9,26879.0
tpch_q10,tpch,100,non-vectorised,2,True,17.6,2.5,55.6,26609.2,26701.7
tpch_q10,tpch,100,non-vectorised,3,True,17.7,2.5,54.9,26940.5,27032.4
tpch_q10,tpch,100,non-vectorised,4,True,17.8,2.6,55.7,27017.4,27110.6
tpch_q10,tpch,100,non-vectorised,5,True,17.7,2.5,54.8,26839.1,26930.9
tpch_q10,tpch,100,non-vectorised,6,True,17.8,2.6,55.6,26978.6,27071.5
tpch_q10,tpch,100,non-vectorised,7,True,17.9,2.6,55.9,26784.0,26877.5
tpch_q10,tpch,100,non-vectorised,8,True,17.5,2.5,55.1,26968.9,27060.9
tpch_q10,tpch,100,non-vectorised,9,True,17.7,2.5,54.9,26616.6,26708.3
tpch_q10,tpch,100,vectorised,0,True,17.7,2.1,56.8,24254.5,24348.2
tpch_q10,tpch,100,vectorised,1,True,17.7,2.1,57.5,24391.1,24485.4
tpch_q10,tpch,100,vectorised,2,True,17.9,2.1,57.4,24230.2,24324.8
tpch_q10,tpch,100,vectorised,3,True,17.7,2.1,57.0,23243.4,23337.0
tpch_q10,tpch,100,vectorised,4,True,17.6,2.2,56.5,23973.4,24066.4
tpch_q10,tpch,100,vectorised,5,True,17.7,2.1,57.2,23110.4,23204.6
tpch_q10,tpch,100,vectorised,6,True,17.5,2.1,57.1,23496.3,23590.3
tpch_q10,tpch,100,vectorised,7,True,17.7,2.1,57.3,23207.7,23301.9
tpch_q10,tpch,100,vectorised,8,True,17.5,2.1,56.4,23931.9,24024.8
tpch_q10,tpch,100,vectorised,9,True,17.5,2.1,56.6,24309.0,24401.8
ssb_q1_1,SSB,1,non-vectorised,0,False,11.6,1.5,39.1,72.8,141.5
ssb_q1_1,SSB,1,non-vectorised,1,False,11.6,1.5,39.5,73.0,142.3
ssb_q1_1,SSB,1,non-vectorised,2,False,11.9,1.5,40.0,72.3,142.8
ssb_q1_1,SSB,1,non-vectorised,3,False,11.7,1.5,39.5,75.1,144.8
ssb_q1_1,SSB,1,non-vectorised,4,False,11.8,1.5,39.2,79.3,148.3
ssb_q1_1,SSB,1,non-vectorised,5,False,11.8,1.5,38.9,72.1,140.8
ssb_q1_1,SSB,1,non-vectorised,6,False,11.8,1.5,38.8,72.2,140.8
ssb_q1_1,SSB,1,non-vectorised,7,False,11.8,1.5,39.1,74.7,143.8
ssb_q1_1,SSB,1,non-vectorised,8,False,12.0,1.5,39.9,72.5,143.0
ssb_q1_1,SSB,1,non-vectorised,9,False,11.9,1.5,39.1,78.6,147.6
ssb_q1_1,SSB,1,vectorised,0,False,11.9,1.0,40.2,94.9,164.8
ssb_q1_1,SSB,1,vectorised,1,False,11.9,1.0,39.9,94.9,164.5
ssb_q1_1,SSB,1,vectorised,2,False,11.7,1.0,39.5,95.8,164.6
ssb_q1_1,SSB,1,vectorised,3,False,11.7,1.0,43.5,101.4,175.4
ssb_q1_1,SSB,1,vectorised,4,False,11.8,1.0,39.6,106.7,175.8
ssb_q1_1,SSB,1,vectorised,5,False,11.9,1.0,40.2,102.9,172.8
ssb_q1_1,SSB,1,vectorised,6,False,11.8,1.0,39.3,94.6,163.3
ssb_q1_1,SSB,1,vectorised,7,False,12.0,1.0,40.9,96.8,167.8
ssb_q1_1,SSB,1,vectorised,8,False,11.9,1.0,40.1,95.7,165.7
ssb_q1_1,SSB,1,vectorised,9,False,11.8,1.0,39.2,95.0,163.6
ssb_q1_1,SSB,10,non-vectorised,0,False,12.0,1.6,41.4,480.7,552.5
ssb_q1_1,SSB,10,non-vectorised,1,False,11.9,1.6,40.2,478.2,548.6
ssb_q1_1,SSB,10,non-vectorised,2,False,12.1,1.6,40.9,477.3,549.0
ssb_q1_1,SSB,10,non-vectorised,3,False,12.1,1.6,40.9,479.7,551.3
ssb_q1_1,SSB,10,non-vectorised,4,False,18.0,1.6,43.5,548.0,628.5
ssb_q1_1,SSB,10,non-vectorised,5,False,11.8,1.5,39.8,503.4,573.1
ssb_q1_1,SSB,10,non-vectorised,6,False,11.9,1.5,40.7,477.6,548.5
ssb_q1_1,SSB,10,non-vectorised,7,False,11.7,1.5,40.0,478.0,547.9
ssb_q1_1,SSB,10,non-vectorised,8,False,12.0,1.5,40.6,479.6,550.8
ssb_q1_1,SSB,10,non-vectorised,9,False,11.7,1.5,40.7,480.5,551.3
ssb_q1_1,SSB,10,vectorised,0,False,11.9,1.1,40.7,564.5,634.9
ssb_q1_1,SSB,10,vectorised,1,False,12.0,1.1,41.3,567.2,638.6
ssb_q1_1,SSB,10,vectorised,2,False,12.1,1.1,41.6,578.7,650.7
ssb_q1_1,SSB,10,vectorised,3,False,11.9,1.1,41.6,565.3,636.6
ssb_q1_1,SSB,10,vectorised,4,False,11.8,1.1,40.7,564.3,634.7
ssb_q1_1,SSB,10,vectorised,5,False,12.1,1.1,41.5,571.7,643.4
ssb_q1_1,SSB,10,vectorised,6,False,12.0,1.1,41.3,569.2,640.4
ssb_q1_1,SSB,10,vectorised,7,False,11.9,1.1,40.4,568.3,638.1
ssb_q1_1,SSB,10,vectorised,8,False,12.0,1.1,40.6,564.5,634.9
ssb_q1_1,SSB,10,vectorised,9,False,11.9,1.1,40.7,582.6,653.2
ssb_q1_1,SSB,100,non-vectorised,0,False,13.1,2.1,49.4,4501.4,4583.1
ssb_q1_1,SSB,100,non-vectorised,1,False,12.6,2.1,50.4,4527.8,4609.8
ssb_q1_1,SSB,100,non-vectorised,2,False,12.6,2.1,47.3,4498.3,4577.4
ssb_q1_1,SSB,100,non-vectorised,3,False,12.7,2.1,47.4,4497.9,4577.1
ssb_q1_1,SSB,100,non-vectorised,4,False,12.5,2.0,46.3,4486.9,4564.4
ssb_q1_1,SSB,100,non-vectorised,5,False,12.5,2.1,46.6,4578.0,4655.8
ssb_q1_1,SSB,100,non-vectorised,6,False,12.6,2.1,47.1,4502.7,4581.6
ssb_q1_1,SSB,100,non-vectorised,7,False,12.5,2.1,46.6,4481.0,4558.6
ssb_q1_1,SSB,100,non-vectorised,8,False,12.6,2.1,47.0,4472.4,4550.8
ssb_q1_1,SSB,100,non-vectorised,9,False,12.5,2.1,46.7,4490.9,4568.7
ssb_q1_1,SSB,100,vectorised,0,False,12.5,1.6,47.1,5139.0,5216.9
ssb_q1_1,SSB,100,vectorised,1,False,12.5,1.6,50.6,5230.1,5311.7
ssb_q1_1,SSB,100,vectorised,2,False,12.6,1.6,47.8,5161.9,5240.8
ssb_q1_1,SSB,100,vectorised,3,False,12.5,1.6,47.5,5196.9,5275.0
ssb_q1_1,SSB,100,vectorised,4,False,12.5,1.6,46.9,5151.1,5228.8
ssb_q1_1,SSB,100,vectorised,5,False,12.6,1.6,47.6,5226.2,5304.7
ssb_q1_1,SSB,100,vectorised,6,False,12.5,1.6,50.2,5273.0,5354.1
ssb_q1_1,SSB,100,vectorised,7,False,12.4,1.6,50.4,5200.5,5281.5
ssb_q1_1,SSB,100,vectorised,8,False,12.3,1.6,47.1,5150.2,5227.8
ssb_q1_1,SSB,100,vectorised,9,False,12.6,1.6,47.5,5188.0,5266.6
ssb_q1_2,SSB,1,non-vectorised,0,False,12.0,1.5,39.5,82.6,152.7
ssb_q1_2,SSB,1,non-vectorised,1,False,12.0,1.5,39.6,82.3,152.3
ssb_q1_2,SSB,1,non-vectorised,2,False,11.9,1.5,39.7,82.4,152.5
ssb_q1_2,SSB,1,non-vectorised,3,False,12.0,1.5,40.1,81.6,152.2
ssb_q1_2,SSB,1,non-vectorised,4,False,11.8,1.5,39.6,82.7,152.0
ssb_q1_2,SSB,1,non-vectorised,5,False,11.9,1.5,39.9,82.2,152.1
ssb_q1_2,SSB,1,non-vectorised,6,False,11.9,1.5,39.3,81.4,150.9
ssb_q1_2,SSB,1,non-vectorised,7,False,11.9,1.5,42.7,84.1,156.8
ssb_q1_2,SSB,1,non-vectorised,8,False,11.6,1.5,38.7,84.3,152.6
ssb_q1_2,SSB,1,non-vectorised,9,False,11.8,1.5,39.3,83.4,152.8
ssb_q1_2,SSB,1,vectorised,0,False,11.9,1.0,40.2,97.2,167.3
ssb_q1_2,SSB,1,vectorised,1,False,11.9,1.0,39.8,97.9,167.3
ssb_q1_2,SSB,1,vectorised,2,False,12.1,1.0,40.6,98.7,169.6
ssb_q1_2,SSB,1,vectorised,3,False,11.8,1.0,39.3,101.6,170.1
ssb_q1_2,SSB,1,vectorised,4,False,11.9,1.0,42.1,102.9,174.8
ssb_q1_2,SSB,1,vectorised,5,False,12.1,1.0,40.8,98.3,169.5
ssb_q1_2,SSB,1,vectorised,6,False,11.7,1.0,40.2,97.4,167.0
ssb_q1_2,SSB,1,vectorised,7,False,11.7,1.0,40.1,97.3,166.9
ssb_q1_2,SSB,1,vectorised,8,False,11.6,1.0,39.5,96.6,165.4
ssb_q1_2,SSB,1,vectorised,9,False,11.8,1.0,39.3,97.1,165.7
ssb_q1_2,SSB,10,non-vectorised,0,False,11.9,1.5,40.7,591.6,662.4
ssb_q1_2,SSB,10,non-vectorised,1,False,11.8,1.5,39.8,592.0,661.7
ssb_q1_2,SSB,10,non-vectorised,2,False,11.8,1.5,40.4,591.4,661.6
ssb_q1_2,SSB,10,non-vectorised,3,False,11.8,1.5,40.2,590.9,660.8
ssb_q1_2,SSB,10,non-vectorised,4,False,12.1,1.6,41.2,625.8,697.9
ssb_q1_2,SSB,10,non-vectorised,5,False,12.1,1.6,41.1,592.6,664.6
ssb_q1_2,SSB,10,non-vectorised,6,False,11.8,1.5,39.9,590.4,660.3
ssb_q1_2,SSB,10,non-vectorised,7,False,12.2,1.6,40.8,592.6,664.2
ssb_q1_2,SSB,10,non-vectorised,8,False,11.8,1.5,40.3,600.5,670.8
ssb_q1_2,SSB,10,non-vectorised,9,False,11.9,1.6,40.1,592.2,662.4
ssb_q1_2,SSB,10,vectorised,0,False,12.1,1.1,41.8,653.5,725.5
ssb_q1_2,SSB,10,vectorised,1,False,11.9,1.1,40.9,642.7,713.1
ssb_q1_2,SSB,10,vectorised,2,False,11.9,1.1,41.3,643.6,714.5
ssb_q1_2,SSB,10,vectorised,3,False,11.9,1.1,41.2,643.8,714.6
ssb_q1_2,SSB,10,vectorised,4,False,11.9,1.1,40.8,641.3,711.8
ssb_q1_2,SSB,10,vectorised,5,False,11.9,1.1,40.6,643.4,713.3
ssb_q1_2,SSB,10,vectorised,6,False,11.9,1.1,40.8,642.1,712.5
ssb_q1_2,SSB,10,vectorised,7,False,12.0,1.1,41.3,642.2,713.7
ssb_q1_2,SSB,10,vectorised,8,False,11.9,1.1,40.8,641.3,711.6
ssb_q1_2,SSB,10,vectorised,9,False,11.8,1.1,41.5,644.2,715.3
ssb_q1_2,SSB,100,non-vectorised,0,False,12.6,2.1,46.9,5687.9,5766.4
ssb_q1_2,SSB,100,non-vectorised,1,False,12.6,2.1,46.5,5667.8,5745.6
ssb_q1_2,SSB,100,non-vectorised,2,False,12.5,2.1,47.0,5735.0,5813.2
ssb_q1_2,SSB,100,non-vectorised,3,False,12.6,2.1,47.1,5666.7,5745.3
ssb_q1_2,SSB,100,non-vectorised,4,False,12.5,2.1,47.0,5668.6,5747.0
ssb_q1_2,SSB,100,non-vectorised,5,False,12.5,2.0,46.7,5656.8,5734.7
ssb_q1_2,SSB,100,non-vectorised,6,False,12.5,2.1,46.6,5726.5,5804.7
ssb_q1_2,SSB,100,non-vectorised,7,False,12.4,2.0,46.4,5662.9,5740.3
ssb_q1_2,SSB,100,non-vectorised,8,False,12.7,2.1,47.2,5654.8,5733.7
ssb_q1_2,SSB,100,non-vectorised,9,False,12.7,2.1,48.3,5663.5,5743.5
ssb_q1_2,SSB,100,vectorised,0,False,12.7,1.6,48.1,6057.3,6136.6
ssb_q1_2,SSB,100,vectorised,1,False,12.5,1.6,47.3,6032.0,6109.9
ssb_q1_2,SSB,100,vectorised,2,False,12.3,1.6,49.0,5980.2,6060.0
ssb_q1_2,SSB,100,vectorised,3,False,12.5,1.6,47.0,5959.1,6036.9
ssb_q1_2,SSB,100,vectorised,4,False,12.5,1.6,47.6,6071.6,6150.2
ssb_q1_2,SSB,100,vectorised,5,False,12.7,1.6,47.9,6074.7,6153.8
ssb_q1_2,SSB,100,vectorised,6,False,12.5,1.6,48.1,6042.4,6121.6
ssb_q1_2,SSB,100,vectorised,7,False,12.5,1.6,47.3,6020.4,6098.5
ssb_q1_2,SSB,100,vectorised,8,False,12.5,1.6,47.1,6032.1,6109.9
ssb_q1_2,SSB,100,vectorised,9,False,12.4,1.6,47.4,6037.1,6115.2
ssb_q1_3,SSB,1,non-vectorised,0,False,11.9,1.5,38.6,83.2,151.6
ssb_q1_3,SSB,1,non-vectorised,1,False,11.9,1.5,39.2,85.1,154.3
ssb_q1_3,SSB,1,non-vectorised,2,False,12.1,1.5,39.8,83.3,153.8
ssb_q1_3,SSB,1,non-vectorised,3,False,11.7,1.5,39.0,85.8,154.5
ssb_q1_3,SSB,1,non-vectorised,4,False,12.1,1.5,39.8,83.6,153.7
ssb_q1_3,SSB,1,non-vectorised,5,False,12.0,1.5,39.4,83.4,153.0
ssb_q1_3,SSB,1,non-vectorised,6,False,11.9,1.5,38.8,82.8,151.5
ssb_q1_3,SSB,1,non-vectorised,7,False,11.9,1.5,39.0,97.2,166.3
ssb_q1_3,SSB,1,non-vectorised,8,False,11.9,1.5,38.9,83.0,152.0
ssb_q1_3,SSB,1,non-vectorised,9,False,11.8,1.5,39.1,83.9,152.6
ssb_q1_3,SSB,1,vectorised,0,False,12.0,1.0,40.0,98.0,167.9
ssb_q1_3,SSB,1,vectorised,1,False,11.9,1.0,42.7,103.9,178.1
ssb_q1_3,SSB,1,vectorised,2,False,12.0,1.0,40.0,103.5,173.3
ssb_q1_3,SSB,1,vectorised,3,False,11.8,1.0,39.4,98.1,166.9
ssb_q1_3,SSB,1,vectorised,4,False,12.0,1.0,39.7,98.3,167.8
ssb_q1_3,SSB,1,vectorised,5,False,11.7,1.0,40.0,98.9,168.3
ssb_q1_3,SSB,1,vectorised,6,False,11.9,1.0,40.0,99.0,168.7
ssb_q1_3,SSB,1,vectorised,7,False,12.1,1.0,40.7,98.0,168.9
ssb_q1_3,SSB,1,vectorised,8,False,12.0,1.0,39.8,116.9,186.5
ssb_q1_3,SSB,1,vectorised,9,False,12.0,1.0,40.0,97.6,167.4
ssb_q1_3,SSB,10,non-vectorised,0,False,12.1,1.6,41.1,598.2,669.8
ssb_q1_3,SSB,10,non-vectorised,1,False,12.1,1.6,40.5,634.1,705.2
ssb_q1_3,SSB,10,non-vectorised,2,False,12.1,1.5,41.0,596.9,668.2
ssb_q1_3,SSB,10,non-vectorised,3,False,12.1,1.6,40.7,633.0,704.3
ssb_q1_3,SSB,10,non-vectorised,4,False,12.0,1.6,40.4,595.8,666.6
ssb_q1_3,SSB,10,non-vectorised,5,False,12.1,1.5,40.8,598.9,670.1
ssb_q1_3,SSB,10,non-vectorised,6,False,11.9,1.6,41.5,595.9,667.9
ssb_q1_3,SSB,10,non-vectorised,7,False,12.1,1.6,42.1,611.5,684.1
ssb_q1_3,SSB,10,non-vectorised,8,False,11.9,1.6,40.0,595.8,665.8
ssb_q1_3,SSB,10,non-vectorised,9,False,11.8,1.5,44.9,600.7,677.0
ssb_q1_3,SSB,10,vectorised,0,False,12.0,1.1,40.4,643.5,713.5
ssb_q1_3,SSB,10,vectorised,1,False,12.0,1.1,42.1,649.3,721.3
ssb_q1_3,SSB,10,vectorised,2,False,12.0,1.1,41.0,642.9,713.6
ssb_q1_3,SSB,10,vectorised,3,False,12.0,1.1,40.6,642.8,713.1
ssb_q1_3,SSB,10,vectorised,4,False,12.0,1.1,40.8,668.4,739.0
ssb_q1_3,SSB,10,vectorised,5,False,12.2,1.1,41.6,653.0,724.8
ssb_q1_3,SSB,10,vectorised,6,False,12.0,1.1,40.9,640.0,710.7
ssb_q1_3,SSB,10,vectorised,7,False,12.0,1.1,40.6,643.8,713.9
ssb_q1_3,SSB,10,vectorised,8,False,12.0,1.1,40.9,642.1,712.6
ssb_q1_3,SSB,10,vectorised,9,False,12.0,1.1,40.6,672.2,742.4
ssb_q1_3,SSB,100,non-vectorised,0,False,12.8,2.1,47.3,5698.5,5777.8
ssb_q1_3,SSB,100,non-vectorised,1,False,12.8,2.1,47.3,5696.9,5776.1
ssb_q1_3,SSB,100,non-vectorised,2,False,12.5,2.1,46.5,5679.2,5756.9
ssb_q1_3,SSB,100,non-vectorised,3,False,12.8,2.1,47.5,5686.8,5766.1
ssb_q1_3,SSB,100,non-vectorised,4,False,12.6,2.1,46.3,5686.4,5763.7
ssb_q1_3,SSB,100,non-vectorised,5,False,12.7,2.1,46.7,5686.4,5764.3
ssb_q1_3,SSB,100,non-vectorised,6,False,12.6,2.1,46.7,5763.6,5841.4
ssb_q1_3,SSB,100,non-vectorised,7,False,12.6,2.1,46.9,5693.1,5771.3
ssb_q1_3,SSB,100,non-vectorised,8,False,12.8,2.1,47.6,5691.4,5770.8
ssb_q1_3,SSB,100,non-vectorised,9,False,12.8,2.1,50.6,5713.9,5796.7
ssb_q1_3,SSB,100,vectorised,0,False,12.7,1.6,48.3,6024.9,6104.5
ssb_q1_3,SSB,100,vectorised,1,False,12.6,1.6,51.8,6054.1,6138.0
ssb_q1_3,SSB,100,vectorised,2,False,12.6,1.6,50.3,6106.7,6188.1
ssb_q1_3,SSB,100,vectorised,3,False,12.7,1.6,47.2,6069.2,6147.4
ssb_q1_3,SSB,100,vectorised,4,False,12.6,1.6,47.5,6029.1,6107.5
ssb_q1_3,SSB,100,vectorised,5,False,12.7,1.6,47.7,6042.4,6121.2
ssb_q1_3,SSB,100,vectorised,6,False,12.7,1.6,47.9,6039.5,6118.6
ssb_q1_3,SSB,100,vectorised,7,False,12.7,1.6,47.4,6051.9,6130.4
ssb_q1_3,SSB,100,vectorised,8,False,12.7,1.6,47.4,6028.8,6107.2
ssb_q1_3,SSB,100,vectorised,9,False,12.7,1.6,47.1,6076.7,6154.8
ssb_q2_1,SSB,1,non-vectorised,0,True,12.7,1.7,45.3,164.5,241.1
ssb_q2_1,SSB,1,non-vectorised,1,True,12.5,1.7,44.5,173.2,248.5
ssb_q2_1,SSB,1,non-vectorised,2,True,12.7,1.7,44.6,171.3,247.4
ssb_q2_1,SSB,1,non-vectorised,3,True,12.8,1.7,44.7,168.5,244.6
ssb_q2_1,SSB,1,non-vectorised,4,True,12.8,1.7,44.8,176.6,252.8
ssb_q2_1,SSB,1,non-vectorised,5,True,12.8,1.7,44.8,166.4,242.6
ssb_q2_1,SSB,1,non-vectorised,6,True,12.7,1.7,44.7,172.0,247.9
ssb_q2_1,SSB,1,non-vectorised,7,True,12.9,1.7,44.9,171.8,248.2
ssb_q2_1,SSB,1,non-vectorised,8,True,12.7,1.7,44.4,170.8,246.5
ssb_q2_1,SSB,1,non-vectorised,9,True,12.6,1.7,43.9,163.8,238.6
ssb_q2_1,SSB,1,vectorised,0,True,12.5,1.3,45.2,217.5,293.0
ssb_q2_1,SSB,1,vectorised,1,True,12.7,1.3,45.2,224.8,300.9
ssb_q2_1,SSB,1,vectorised,2,True,12.6,1.3,45.1,232.3,307.9
ssb_q2_1,SSB,1,vectorised,3,True,12.6,1.3,45.5,223.2,299.7
ssb_q2_1,SSB,1,vectorised,4,True,12.6,1.3,44.7,218.5,293.6
ssb_q2_1,SSB,1,vectorised,5,True,12.6,1.3,45.1,206.5,282.3
ssb_q2_1,SSB,1,vectorised,6,True,12.5,1.3,45.6,229.8,306.0
ssb_q2_1,SSB,1,vectorised,7,True,12.9,1.3,46.0,260.6,337.6
ssb_q2_1,SSB,1,vectorised,8,True,12.6,1.3,45.5,220.3,296.4
ssb_q2_1,SSB,1,vectorised,9,True,12.7,1.3,45.5,212.7,289.1
ssb_q2_1,SSB,10,non-vectorised,0,True,12.9,1.8,45.3,1197.6,1274.7
ssb_q2_1,SSB,10,non-vectorised,1,True,12.8,1.8,46.1,1198.7,1276.3
ssb_q2_1,SSB,10,non-vectorised,2,True,12.9,1.8,46.0,1210.1,1288.0
ssb_q2_1,SSB,10,non-vectorised,3,True,12.6,1.8,45.1,1206.6,1283.0
ssb_q2_1,SSB,10,non-vectorised,4,True,12.8,1.8,46.1,1196.2,1274.1
ssb_q2_1,SSB,10,non-vectorised,5,True,12.6,1.8,46.0,1192.4,1269.5
ssb_q2_1,SSB,10,non-vectorised,6,True,12.7,1.8,46.0,1237.8,1315.2
ssb_q2_1,SSB,10,non-vectorised,7,True,12.7,1.8,45.2,1197.0,1273.3
ssb_q2_1,SSB,10,non-vectorised,8,True,12.7,1.7,45.4,1178.6,1255.0
ssb_q2_1,SSB,10,non-vectorised,9,True,12.7,1.7,45.3,1163.6,1240.3
ssb_q2_1,SSB,10,vectorised,0,True,12.6,1.4,46.2,1338.9,1415.9
ssb_q2_1,SSB,10,vectorised,1,True,13.0,1.4,47.8,1370.3,1449.6
ssb_q2_1,SSB,10,vectorised,2,True,12.7,1.4,46.9,1403.9,1481.9
ssb_q2_1,SSB,10,vectorised,3,True,12.6,1.4,46.4,1353.2,1430.5
ssb_q2_1,SSB,10,vectorised,4,True,12.8,1.4,46.6,1376.9,1454.4
ssb_q2_1,SSB,10,vectorised,5,True,12.6,1.3,46.2,1358.9,1435.7
ssb_q2_1,SSB,10,vectorised,6,True,12.7,1.4,47.2,1366.7,1445.0
ssb_q2_1,SSB,10,vectorised,7,True,12.5,1.3,46.4,1344.6,1421.5
ssb_q2_1,SSB,10,vectorised,8,True,12.6,1.3,46.4,1344.5,1421.6
ssb_q2_1,SSB,10,vectorised,9,True,12.7,1.3,46.2,1346.3,1423.2
ssb_q2_1,SSB,100,non-vectorised,0,True,13.2,2.3,52.0,13795.7,13880.3
ssb_q2_1,SSB,100,non-vectorised,1,True,12.7,2.3,51.9,14048.5,14132.5
ssb_q2_1,SSB,100,non-vectorised,2,True,12.7,2.3,54.1,14038.0,14124.2
ssb_q2_1,SSB,100,non-vectorised,3,True,12.6,2.3,52.0,13940.0,14023.8
ssb_q2_1,SSB,100,non-vectorised,4,True,12.8,2.3,51.8,14448.6,14532.5
ssb_q2_1,SSB,100,non-vectorised,5,True,12.7,2.3,51.9,14501.4,14585.5
ssb_q2_1,SSB,100,non-vectorised,6,True,12.8,2.3,52.1,13988.6,14073.1
ssb_q2_1,SSB,100,non-vectorised,7,True,12.6,2.3,51.8,13861.4,13945.0
ssb_q2_1,SSB,100,non-vectorised,8,True,12.7,2.3,51.9,14054.4,14138.5
ssb_q2_1,SSB,100,non-vectorised,9,True,12.8,2.3,52.4,13920.3,14005.0
ssb_q2_1,SSB,100,vectorised,0,True,13.0,1.9,53.6,15964.9,16050.5
ssb_q2_1,SSB,100,vectorised,1,True,12.6,1.9,52.6,14779.5,14863.5
ssb_q2_1,SSB,100,vectorised,2,True,12.8,1.9,52.8,15527.3,15611.5
ssb_q2_1,SSB,100,vectorised,3,True,12.8,1.9,52.7,15192.8,15277.1
ssb_q2_1,SSB,100,vectorised,4,True,12.7,1.9,52.6,15234.2,15318.4
ssb_q2_1,SSB,100,vectorised,5,True,12.8,1.9,53.1,15881.2,15965.9
ssb_q2_1,SSB,100,vectorised,6,True,12.7,1.9,52.7,15176.1,15260.8
ssb_q2_1,SSB,100,vectorised,7,True,12.7,1.9,52.3,15961.9,16045.6
ssb_q2_1,SSB,100,vectorised,8,True,12.9,1.9,53.3,15763.7,15848.8
ssb_q2_1,SSB,100,vectorised,9,True,12.7,1.9,53.2,14925.2,15009.9
ssb_q2_3,SSB,1,non-vectorised,0,True,11.9,1.7,44.1,138.2,212.6
ssb_q2_3,SSB,1,non-vectorised,1,True,12.1,1.7,44.9,147.7,223.2
ssb_q2_3,SSB,1,non-vectorised,2,True,12.1,1.7,44.4,135.7,210.9
ssb_q2_3,SSB,1,non-vectorised,3,True,12.1,1.7,47.8,140.1,218.8
ssb_q2_3,SSB,1,non-vectorised,4,True,12.0,1.7,44.5,137.9,212.9
ssb_q2_3,SSB,1,non-vectorised,5,True,12.1,1.7,44.3,135.8,210.8
ssb_q2_3,SSB,1,non-vectorised,6,True,11.9,1.7,44.5,136.0,210.8
ssb_q2_3,SSB,1,non-vectorised,7,True,12.1,1.7,44.6,128.1,203.1
ssb_q2_3,SSB,1,non-vectorised,8,True,11.8,1.7,44.0,134.8,208.9
ssb_q2_3,SSB,1,non-vectorised,9,True,12.1,1.7,44.7,139.4,215.0
ssb_q2_3,SSB,1,vectorised,0,True,11.9,1.3,45.6,182.0,257.7
ssb_q2_3,SSB,1,vectorised,1,True,12.1,1.3,45.5,175.1,250.9
ssb_q2_3,SSB,1,vectorised,2,True,11.9,1.3,44.7,173.3,247.9
ssb_q2_3,SSB,1,vectorised,3,True,12.0,1.3,49.1,183.6,264.1
ssb_q2_3,SSB,1,vectorised,4,True,11.9,1.3,45.5,181.2,256.3
ssb_q2_3,SSB,1,vectorised,5,True,12.0,1.3,45.7,177.6,253.1
ssb_q2_3,SSB,1,vectorised,6,True,11.9,1.3,45.9,176.7,252.7
ssb_q2_3,SSB,1,vectorised,7,True,11.9,1.3,44.9,172.4,247.0
ssb_q2_3,SSB,1,vectorised,8,True,11.9,1.3,44.9,178.8,253.6
ssb_q2_3,SSB,1,vectorised,9,True,11.9,1.3,45.7,177.5,253.2
ssb_q2_3,SSB,10,non-vectorised,0,True,12.1,1.8,45.7,517.4,593.9
ssb_q2_3,SSB,10,non-vectorised,1,True,12.1,1.8,45.7,515.7,592.1
ssb_q2_3,SSB,10,non-vectorised,2,True,12.0,1.7,45.1,510.0,585.5
ssb_q2_3,SSB,10,non-vectorised,3,True,12.3,1.8,46.0,509.9,587.0
ssb_q2_3,SSB,10,non-vectorised,4,True,12.0,1.8,45.2,556.3,632.0
ssb_q2_3,SSB,10,non-vectorised,5,True,12.2,1.8,46.2,519.2,596.1
ssb_q2_3,SSB,10,non-vectorised,6,True,12.2,1.8,45.6,521.9,598.0
ssb_q2_3,SSB,10,non-vectorised,7,True,11.8,1.8,45.2,643.0,718.4
ssb_q2_3,SSB,10,non-vectorised,8,True,12.0,1.8,44.9,505.7,581.0
ssb_q2_3,SSB,10,non-vectorised,9,True,11.9,1.8,45.2,504.2,579.6
ssb_q2_3,SSB,10,vectorised,0,True,12.2,1.4,46.9,691.7,769.4
ssb_q2_3,SSB,10,vectorised,1,True,12.1,1.4,46.4,623.3,700.3
ssb_q2_3,SSB,10,vectorised,2,True,12.4,1.4,47.2,644.9,722.9
ssb_q2_3,SSB,10,vectorised,3,True,12.0,1.4,46.2,615.7,691.9
ssb_q2_3,SSB,10,vectorised,4,True,12.0,1.3,46.2,710.2,786.5
ssb_q2_3,SSB,10,vectorised,5,True,12.3,1.4,49.1,710.8,791.5
ssb_q2_3,SSB,10,vectorised,6,True,12.2,1.4,47.3,661.3,739.4
ssb_q2_3,SSB,10,vectorised,7,True,12.1,1.4,48.8,638.9,718.2
ssb_q2_3,SSB,10,vectorised,8,True,12.1,1.3,46.9,690.3,767.5
ssb_q2_3,SSB,10,vectorised,9,True,12.3,1.4,47.3,618.2,696.6
ssb_q2_3,SSB,100,non-vectorised,0,True,12.7,2.3,51.4,3891.1,3974.1
ssb_q2_3,SSB,100,non-vectorised,1,True,12.6,2.3,51.3,4024.3,4107.2
ssb_q2_3,SSB,100,non-vectorised,2,True,12.7,2.3,51.3,4287.9,4370.6
ssb_q2_3,SSB,100,non-vectorised,3,True,12.7,2.3,51.7,3879.0,3962.5
ssb_q2_3,SSB,100,non-vectorised,4,True,12.9,2.3,52.5,4066.8,4151.7
ssb_q2_3,SSB,100,non-vectorised,5,True,12.9,2.3,52.4,3967.6,4052.0
ssb_q2_3,SSB,100,non-vectorised,6,True,12.7,2.3,51.5,3909.9,3993.2
ssb_q2_3,SSB,100,non-vectorised,7,True,12.6,2.3,51.0,3869.9,3952.5
ssb_q2_3,SSB,100,non-vectorised,8,True,12.7,2.3,51.2,3969.0,4052.0
ssb_q2_3,SSB,100,non-vectorised,9,True,12.7,2.3,51.3,3870.9,3954.0
ssb_q2_3,SSB,100,vectorised,0,True,12.7,1.9,53.0,5109.3,5193.8
ssb_q2_3,SSB,100,vectorised,1,True,12.8,1.9,53.1,5043.4,5128.1
ssb_q2_3,SSB,100,vectorised,2,True,12.9,1.9,53.5,5040.4,5125.7
ssb_q2_3,SSB,100,vectorised,3,True,12.9,1.9,53.1,4977.4,5062.4
ssb_q2_3,SSB,100,vectorised,4,True,13.0,1.9,53.7,5063.6,5149.4
ssb_q2_3,SSB,100,vectorised,5,True,12.8,1.9,53.3,4832.4,4917.4
ssb_q2_3,SSB,100,vectorised,6,True,12.8,1.9,52.9,5027.0,5111.6
ssb_q2_3,SSB,100,vectorised,7,True,12.9,1.9,52.9,4896.4,4981.1
ssb_q2_3,SSB,100,vectorised,8,True,12.6,1.9,53.3,4885.7,4970.7
ssb_q2_3,SSB,100,vectorised,9,True,12.9,1.9,53.2,4803.8,4888.7
ssb_q3_1,SSB,1,non-vectorised,0,True,12.3,1.7,44.1,268.8,343.5
ssb_q3_1,SSB,1,non-vectorised,1,True,12.5,1.8,44.8,286.9,363.0
ssb_q3_1,SSB,1,non-vectorised,2,True,12.4,1.7,44.3,271.9,347.0
ssb_q3_1,SSB,1,non-vectorised,3,True,12.3,1.7,44.1,288.4,363.2
ssb_q3_1,SSB,1,non-vectorised,4,True,12.4,1.7,44.8,273.1,349.2
ssb_q3_1,SSB,1,non-vectorised,5,True,12.2,1.8,44.9,296.0,371.9
ssb_q3_1,SSB,1,non-vectorised,6,True,12.4,1.7,44.8,274.5,350.4
ssb_q3_1,SSB,1,non-vectorised,7,True,12.3,1.7,44.0,270.7,345.4
ssb_q3_1,SSB,1,non-vectorised,8,True,12.3,1.8,44.0,282.7,357.5
ssb_q3_1,SSB,1,non-vectorised,9,True,12.1,1.8,44.3,267.2,342.2
ssb_q3_1,SSB,1,vectorised,0,True,12.3,1.3,45.2,366.1,441.8
ssb_q3_1,SSB,1,vectorised,1,True,12.4,1.3,45.6,329.2,405.3
ssb_q3_1,SSB,1,vectorised,2,True,12.2,1.3,45.2,332.5,408.0
ssb_q3_1,SSB,1,vectorised,3,True,12.2,1.3,45.6,402.9,479.2
ssb_q3_1,SSB,1,vectorised,4,True,12.3,1.3,46.4,302.5,379.1
ssb_q3_1,SSB,1,vectorised,5,True,12.3,1.3,45.5,341.4,417.4
ssb_q3_1,SSB,1,vectorised,6,True,12.3,1.3,49.6,364.0,444.5
ssb_q3_1,SSB,1,vectorised,7,True,12.2,1.3,45.3,333.9,409.5
ssb_q3_1,SSB,1,vectorised,8,True,12.2,1.3,45.8,331.4,407.5
ssb_q3_1,SSB,1,vectorised,9,True,12.2,1.3,45.4,327.3,402.9
ssb_q3_1,SSB,10,non-vectorised,0,True,12.4,1.8,45.8,2832.5,2909.2
ssb_q3_1,SSB,10,non-vectorised,1,True,12.6,1.8,46.2,2958.5,3036.2
ssb_q3_1,SSB,10,non-vectorised,2,True,12.3,1.8,45.6,2874.8,2951.3
ssb_q3_1,SSB,10,non-vectorised,3,True,12.4,1.8,45.5,2826.3,2902.9
ssb_q3_1,SSB,10,non-vectorised,4,True,12.3,1.8,45.7,2851.3,2927.9
ssb_q3_1,SSB,10,non-vectorised,5,True,12.3,1.8,45.5,2822.5,2899.4
ssb_q3_1,SSB,10,non-vectorised,6,True,12.3,1.8,45.7,2843.4,2920.2
ssb_q3_1,SSB,10,non-vectorised,7,True,12.5,1.8,46.3,2954.3,3032.1
ssb_q3_1,SSB,10,non-vectorised,8,True,12.5,1.8,46.3,2807.9,2885.7
ssb_q3_1,SSB,10,non-vectorised,9,True,12.4,1.8,45.7,2812.7,2889.5
ssb_q3_1,SSB,10,vectorised,0,True,12.5,1.4,47.5,3088.6,3167.2
ssb_q3_1,SSB,10,vectorised,1,True,12.6,1.4,47.5,3094.7,3173.4
ssb_q3_1,SSB,10,vectorised,2,True,12.6,1.4,47.9,3068.0,3147.1
ssb_q3_1,SSB,10,vectorised,3,True,12.4,1.4,47.5,3139.9,3218.6
ssb_q3_1,SSB,10,vectorised,4,True,12.3,1.4,47.0,3026.8,3104.5
ssb_q3_1,SSB,10,vectorised,5,True,12.1,1.4,46.7,3079.9,3157.1
ssb_q3_1,SSB,10,vectorised,6,True,12.5,1.4,47.3,3029.2,3107.5
ssb_q3_1,SSB,10,vectorised,7,True,12.4,1.4,47.0,3125.5,3203.5
ssb_q3_1,SSB,10,vectorised,8,True,12.5,1.4,47.6,3054.1,3132.9
ssb_q3_1,SSB,10,vectorised,9,True,12.3,1.4,46.7,3169.1,3246.6
ssb_q3_1,SSB,100,non-vectorised,0,True,13.1,2.3,51.9,45342.9,45427.1
ssb_q3_1,SSB,100,non-vectorised,1,True,13.2,2.3,54.1,44842.3,44928.8
ssb_q3_1,SSB,100,non-vectorised,2,True,12.9,2.3,51.5,45812.3,45895.9
ssb_q3_1,SSB,100,non-vectorised,3,True,12.9,2.3,54.8,45997.8,46084.5
ssb_q3_1,SSB,100,non-vectorised,4,True,13.2,2.3,53.7,46326.4,46412.6
ssb_q3_1,SSB,100,non-vectorised,5,True,13.0,2.3,55.1,46236.2,46323.2
ssb_q3_1,SSB,100,non-vectorised,6,True,13.1,2.3,52.2,47916.9,48001.4
ssb_q3_1,SSB,100,non-vectorised,7,True,13.1,2.3,52.3,46280.6,46365.2
ssb_q3_1,SSB,100,non-vectorised,8,True,13.1,2.3,53.3,47471.2,47556.8
ssb_q3_1,SSB,100,non-vectorised,9,True,13.3,2.4,52.5,48554.9,48640.3
ssb_q3_1,SSB,100,vectorised,0,True,13.2,1.9,58.8,48716.6,48808.1
ssb_q3_1,SSB,100,vectorised,1,True,13.1,1.9,53.3,45139.3,45224.6
ssb_q3_1,SSB,100,vectorised,2,True,12.9,1.9,52.6,47315.6,47400.0
ssb_q3_1,SSB,100,vectorised,3,True,13.1,1.9,56.1,51401.8,51490.4
ssb_q3_1,SSB,100,vectorised,4,True,12.9,1.9,52.9,46023.2,46107.6
ssb_q3_1,SSB,100,vectorised,5,True,13.1,1.9,54.0,46647.8,46733.8
ssb_q3_1,SSB,100,vectorised,6,True,13.1,1.9,53.3,51906.9,51992.1
ssb_q3_1,SSB,100,vectorised,7,True,13.0,1.9,53.2,51978.8,52063.8
ssb_q3_1,SSB,100,vectorised,8,True,13.0,1.9,52.6,47760.6,47844.7
ssb_q3_1,SSB,100,vectorised,9,True,13.2,1.9,53.6,51257.2,51342.9
ssb_q3_2,SSB,1,non-vectorised,0,True,12.6,1.8,45.4,151.1,228.1
ssb_q3_2,SSB,1,non-vectorised,1,True,12.5,1.8,45.0,151.2,227.5
ssb_q3_2,SSB,1,non-vectorised,2,True,12.2,1.7,44.7,147.3,223.0
ssb_q3_2,SSB,1,non-vectorised,3,True,12.3,1.7,49.3,148.8,230.0
ssb_q3_2,SSB,1,non-vectorised,4,True,12.5,1.7,44.8,148.3,224.3
ssb_q3_2,SSB,1,non-vectorised,5,True,12.4,1.7,44.3,142.9,218.0
ssb_q3_2,SSB,1,non-vectorised,6,True,12.4,1.7,46.0,164.5,241.7
ssb_q3_2,SSB,1,non-vectorised,7,True,12.4,1.7,45.4,146.6,223.0
ssb_q3_2,SSB,1,non-vectorised,8,True,12.4,1.7,45.0,149.2,225.4
ssb_q3_2,SSB,1,non-vectorised,9,True,12.2,1.7,44.5,141.6,216.6
ssb_q3_2,SSB,1,vectorised,0,True,12.4,1.3,46.3,181.3,258.4
ssb_q3_2,SSB,1,vectorised,1,True,12.3,1.3,45.6,228.5,304.4
ssb_q3_2,SSB,1,vectorised,2,True,12.1,1.3,45.4,178.8,254.2
ssb_q3_2,SSB,1,vectorised,3,True,12.4,1.3,48.3,201.5,281.2
ssb_q3_2,SSB,1,vectorised,4,True,12.3,1.3,45.7,212.6,288.6
ssb_q3_2,SSB,1,vectorised,5,True,12.2,1.3,45.5,215.8,291.9
ssb_q3_2,SSB,1,vectorised,6,True,12.3,1.4,46.4,184.3,261.1
ssb_q3_2,SSB,1,vectorised,7,True,12.4,1.3,45.8,182.0,258.7
ssb_q3_2,SSB,1,vectorised,8,True,12.1,1.3,45.3,182.6,258.1
ssb_q3_2,SSB,1,vectorised,9,True,12.4,1.3,46.3,200.1,277.3
ssb_q3_2,SSB,10,non-vectorised,0,True,12.2,1.8,45.6,820.3,896.5
ssb_q3_2,SSB,10,non-vectorised,1,True,12.5,1.8,46.4,826.3,904.1
ssb_q3_2,SSB,10,non-vectorised,2,True,12.5,1.8,46.5,817.8,895.7
ssb_q3_2,SSB,10,non-vectorised,3,True,12.3,1.8,45.4,789.7,865.9
ssb_q3_2,SSB,10,non-vectorised,4,True,12.4,1.8,46.0,966.6,1043.7
ssb_q3_2,SSB,10,non-vectorised,5,True,12.3,1.8,45.4,809.6,885.8
ssb_q3_2,SSB,10,non-vectorised,6,True,12.4,1.8,45.7,823.6,900.0
ssb_q3_2,SSB,10,non-vectorised,7,True,12.6,1.8,50.8,837.9,921.3
ssb_q3_2,SSB,10,non-vectorised,8,True,12.5,1.8,46.4,841.9,919.5
ssb_q3_2,SSB,10,non-vectorised,9,True,12.5,1.8,46.1,825.4,902.8
ssb_q3_2,SSB,10,vectorised,0,True,12.3,1.4,47.4,927.5,1005.3
ssb_q3_2,SSB,10,vectorised,1,True,12.3,1.4,46.4,940.1,1016.8
ssb_q3_2,SSB,10,vectorised,2,True,12.3,1.4,46.9,948.6,1025.8
ssb_q3_2,SSB,10,vectorised,3,True,12.4,1.4,50.8,966.8,1049.4
ssb_q3_2,SSB,10,vectorised,4,True,12.4,1.4,49.2,983.7,1063.5
ssb_q3_2,SSB,10,vectorised,5,True,12.3,1.4,46.7,933.2,1010.5
ssb_q3_2,SSB,10,vectorised,6,True,12.4,1.4,52.0,994.7,1077.3
ssb_q3_2,SSB,10,vectorised,7,True,12.3,1.4,46.9,898.3,975.5
ssb_q3_2,SSB,10,vectorised,8,True,12.5,1.4,51.1,964.0,1046.5
ssb_q3_2,SSB,10,vectorised,9,True,12.5,1.4,53.1,918.1,1004.3
ssb_q3_2,SSB,100,non-vectorised,0,True,13.1,2.3,51.3,11988.7,12072.1
ssb_q3_2,SSB,100,non-vectorised,1,True,12.9,2.3,51.6,11930.1,12013.7
ssb_q3_2,SSB,100,non-vectorised,2,True,12.9,2.3,51.7,12164.8,12248.4
ssb_q3_2,SSB,100,non-vectorised,3,True,13.0,2.3,52.2,12140.1,12224.5
ssb_q3_2,SSB,100,non-vectorised,4,True,13.0,2.3,51.6,11900.7,11984.4
ssb_q3_2,SSB,100,non-vectorised,5,True,13.1,2.3,53.5,11939.2,12024.7
ssb_q3_2,SSB,100,non-vectorised,6,True,12.9,2.3,51.5,11916.4,11999.8
ssb_q3_2,SSB,100,non-vectorised,7,True,13.2,2.3,52.1,12200.8,12285.9
ssb_q3_2,SSB,100,non-vectorised,8,True,13.1,2.3,51.9,11900.1,11984.4
ssb_q3_2,SSB,100,non-vectorised,9,True,13.0,2.3,51.6,12062.1,12146.1
ssb_q3_2,SSB,100,vectorised,0,True,12.9,1.9,53.5,11952.6,12037.5
ssb_q3_2,SSB,100,vectorised,1,True,13.0,1.9,52.7,11877.9,11962.1
ssb_q3_2,SSB,100,vectorised,2,True,13.2,1.9,53.6,12263.7,12349.5
ssb_q3_2,SSB,100,vectorised,3,True,13.1,1.9,52.9,11987.0,12071.5
ssb_q3_2,SSB,100,vectorised,4,True,13.2,1.9,56.7,12011.3,12100.2
ssb_q3_2,SSB,100,vectorised,5,True,13.3,1.9,53.6,12342.0,12428.0
ssb_q3_2,SSB,100,vectorised,6,True,13.3,1.9,54.0,12498.6,12585.0
ssb_q3_2,SSB,100,vectorised,7,True,13.1,1.9,53.9,11938.4,12024.3
ssb_q3_2,SSB,100,vectorised,8,True,13.3,1.9,54.0,12284.5,12370.8
ssb_q3_2,SSB,100,vectorised,9,True,13.1,1.9,53.8,11394.1,11479.8
